{
  "id": "MAP_SHOAL_CAVE_LOW_TIDE_ICE_ROOM",
  "name": "ShoalCave_LowTideIceRoom",
  "layout": "LAYOUT_SHOAL_CAVE_LOW_TIDE_ICE_ROOM",
  "music": "MUS_MT_PYRE",
  "region_map_section": "MAPSEC_SHOAL_CAVE",
  "requires_flash": false,
  "weather": "WEATHER_NONE",
  "map_type": "MAP_TYPE_UNDERGROUND",
  "allow_cycling": true,
  "allow_escaping": true,
  "allow_running": true,
  "show_map_name": true,
  "battle_scene": "MAP_BATTLE_SCENE_NORMAL",
  "connections": 0,
  "object_events": [
    {
      "graphics_id": "OBJ_EVENT_GFX_ITEM_BALL",
      "x": 12,
      "y": 8,
      "elevation": 3,
      "movement_type": "MOVEMENT_TYPE_LOOK_AROUND",
      "movement_range_x": 1,
      "movement_range_y": 1,
      "trainer_type": "TRAINER_TYPE_NONE",
      "trainer_sight_or_berry_tree_id": "0",
      "script": "ShoalCave_LowTideIceRoom_EventScript_ItemTMHail",
      "flag": "FLAG_ITEM_SHOAL_CAVE_ICE_ROOM_TM_HAIL"
    },
    {
      "graphics_id": "OBJ_EVENT_GFX_ITEM_BALL",
      "x": 12,
      "y": 21,
      "elevation": 4,
      "movement_type": "MOVEMENT_TYPE_LOOK_AROUND",
      "movement_range_x": 1,
      "movement_range_y": 1,
      "trainer_type": "TRAINER_TYPE_NONE",
      "trainer_sight_or_berry_tree_id": "0",
      "script": "ShoalCave_LowTideIceRoom_EventScript_ItemNeverMeltIce",
      "flag": "FLAG_ITEM_SHOAL_CAVE_ICE_ROOM_NEVER_MELT_ICE"
    }
  ],
  "warp_events": [
    {
      "x": 17,
      "y": 10,
      "elevation": 3,
      "dest_map": "MAP_SHOAL_CAVE_LOW_TIDE_LOWER_ROOM",
      "dest_warp_id": "3"
    }
  ],
  "coord_events": [

  ],
  "bg_events": [

  ]
}
