{
  "id": "MAP_BATTLE_FRONTIER_LOUNGE2",
  "name": "BattleFrontier_Lounge2",
  "layout": "LAYOUT_BATTLE_FRONTIER_LOUNGE1",
  "music": "MUS_B_TOWER_RS",
  "region_map_section": "MAPSEC_BATTLE_FRONTIER",
  "requires_flash": false,
  "weather": "WEATHER_NONE",
  "map_type": "MAP_TYPE_INDOOR",
  "allow_cycling": false,
  "allow_escaping": false,
  "allow_running": false,
  "show_map_name": false,
  "battle_scene": "MAP_BATTLE_SCENE_NORMAL",
  "connections": 0,
  "object_events": [
    {
      "graphics_id": "OBJ_EVENT_GFX_MANIAC",
      "x": 8,
      "y": 4,
      "elevation": 0,
      "movement_type": "MOVEMENT_TYPE_FACE_RIGHT",
      "movement_range_x": 1,
      "movement_range_y": 1,
      "trainer_type": "TRAINER_TYPE_NONE",
      "trainer_sight_or_berry_tree_id": "0",
      "script": "BattleFrontier_Lounge2_EventScript_FrontierManiac",
      "flag": "0"
    },
    {
      "graphics_id": "OBJ_EVENT_GFX_MANIAC",
      "x": 10,
      "y": 4,
      "elevation": 0,
      "movement_type": "MOVEMENT_TYPE_FACE_LEFT",
      "movement_range_x": 1,
      "movement_range_y": 1,
      "trainer_type": "TRAINER_TYPE_NONE",
      "trainer_sight_or_berry_tree_id": "0",
      "script": "BattleFrontier_Lounge2_EventScript_Maniac1",
      "flag": "0"
    },
    {
      "graphics_id": "OBJ_EVENT_GFX_MANIAC",
      "x": 10,
      "y": 3,
      "elevation": 0,
      "movement_type": "MOVEMENT_TYPE_FACE_LEFT",
      "movement_range_x": 1,
      "movement_range_y": 1,
      "trainer_type": "TRAINER_TYPE_NONE",
      "trainer_sight_or_berry_tree_id": "0",
      "script": "BattleFrontier_Lounge2_EventScript_Maniac2",
      "flag": "0"
    },
    {
      "graphics_id": "OBJ_EVENT_GFX_RUNNING_TRIATHLETE_F",
      "x": 4,
      "y": 6,
      "elevation": 0,
      "movement_type": "MOVEMENT_TYPE_WANDER_AROUND",
      "movement_range_x": 1,
      "movement_range_y": 2,
      "trainer_type": "TRAINER_TYPE_NONE",
      "trainer_sight_or_berry_tree_id": "0",
      "script": "BattleFrontier_Lounge2_EventScript_TriathleteF",
      "flag": "0"
    },
    {
      "graphics_id": "OBJ_EVENT_GFX_MANIAC",
      "x": 10,
      "y": 5,
      "elevation": 0,
      "movement_type": "MOVEMENT_TYPE_FACE_LEFT",
      "movement_range_x": 1,
      "movement_range_y": 1,
      "trainer_type": "TRAINER_TYPE_NONE",
      "trainer_sight_or_berry_tree_id": "0",
      "script": "BattleFrontier_Lounge2_EventScript_Maniac3",
      "flag": "0"
    }
  ],
  "warp_events": [
    {
      "x": 1,
      "y": 7,
      "elevation": 0,
      "dest_map": "MAP_BATTLE_FRONTIER_OUTSIDE_WEST",
      "dest_warp_id": "3"
    },
    {
      "x": 2,
      "y": 7,
      "elevation": 0,
      "dest_map": "MAP_BATTLE_FRONTIER_OUTSIDE_WEST",
      "dest_warp_id": "3"
    }
  ],
  "coord_events": [

  ],
  "bg_events": [

  ]
}
