{
  "id": "MAP_ROUTE103",
  "name": "Route103",
  "layout": "LAYOUT_ROUTE103",
  "music": "MUS_ROUTE101",
  "region_map_section": "MAPSEC_ROUTE_103",
  "requires_flash": false,
  "weather": "WEATHER_SUNNY",
  "map_type": "MAP_TYPE_ROUTE",
  "allow_cycling": true,
  "allow_escaping": false,
  "allow_running": true,
  "show_map_name": true,
  "battle_scene": "MAP_BATTLE_SCENE_NORMAL",
  "connections": [
    {
      "map": "MAP_OLDALE_TOWN",
      "offset": 0,
      "direction": "down"
    },
    {
      "map": "MAP_ROUTE110",
      "offset": -60,
      "direction": "right"
    }
  ],
  "object_events": [
    {
      "graphics_id": "OBJ_EVENT_GFX_MAN_3",
      "x": 49,
      "y": 12,
      "elevation": 3,
      "movement_type": "MOVEMENT_TYPE_FACE_LEFT",
      "movement_range_x": 0,
      "movement_range_y": 0,
      "trainer_type": "TRAINER_TYPE_NONE",
      "trainer_sight_or_berry_tree_id": "0",
      "script": "Route103_EventScript_Man",
      "flag": "0"
    },
    {
      "graphics_id": "OBJ_EVENT_GFX_VAR_0",
      "x": 10,
      "y": 3,
      "elevation": 3,
      "movement_type": "MOVEMENT_TYPE_FACE_RIGHT",
      "movement_range_x": 0,
      "movement_range_y": 0,
      "trainer_type": "TRAINER_TYPE_NONE",
      "trainer_sight_or_berry_tree_id": "0",
      "script": "Route103_EventScript_Rival",
      "flag": "FLAG_HIDE_ROUTE_103_RIVAL"
    },
    {
      "graphics_id": "OBJ_EVENT_GFX_WOMAN_2",
      "x": 71,
      "y": 11,
      "elevation": 3,
      "movement_type": "MOVEMENT_TYPE_FACE_DOWN_AND_RIGHT",
      "movement_range_x": 0,
      "movement_range_y": 0,
      "trainer_type": "TRAINER_TYPE_NORMAL",
      "trainer_sight_or_berry_tree_id": "3",
      "script": "Route103_EventScript_Daisy",
      "flag": "0"
    },
    {
      "graphics_id": "OBJ_EVENT_GFX_TWIN",
      "x": 65,
      "y": 12,
      "elevation": 3,
      "movement_type": "MOVEMENT_TYPE_FACE_DOWN",
      "movement_range_x": 0,
      "movement_range_y": 0,
      "trainer_type": "TRAINER_TYPE_NORMAL",
      "trainer_sight_or_berry_tree_id": "1",
      "script": "Route103_EventScript_Liv",
      "flag": "0"
    },
    {
      "graphics_id": "OBJ_EVENT_GFX_TWIN",
      "x": 64,
      "y": 12,
      "elevation": 3,
      "movement_type": "MOVEMENT_TYPE_FACE_DOWN",
      "movement_range_x": 0,
      "movement_range_y": 0,
      "trainer_type": "TRAINER_TYPE_NORMAL",
      "trainer_sight_or_berry_tree_id": "1",
      "script": "Route103_EventScript_Amy",
      "flag": "0"
    },
    {
      "graphics_id": "OBJ_EVENT_GFX_FISHERMAN",
      "x": 50,
      "y": 8,
      "elevation": 3,
      "movement_type": "MOVEMENT_TYPE_WALK_DOWN_AND_UP",
      "movement_range_x": 0,
      "movement_range_y": 1,
      "trainer_type": "TRAINER_TYPE_NORMAL",
      "trainer_sight_or_berry_tree_id": "3",
      "script": "Route103_EventScript_Andrew",
      "flag": "0"
    },
    {
      "graphics_id": "OBJ_EVENT_GFX_BERRY_TREE",
      "x": 58,
      "y": 5,
      "elevation": 3,
      "movement_type": "MOVEMENT_TYPE_BERRY_TREE_GROWTH",
      "movement_range_x": 0,
      "movement_range_y": 0,
      "trainer_type": "TRAINER_TYPE_NONE",
      "trainer_sight_or_berry_tree_id": "BERRY_TREE_ROUTE_103_CHERI_1",
      "script": "BerryTreeScript",
      "flag": "0"
    },
    {
      "graphics_id": "OBJ_EVENT_GFX_BERRY_TREE",
      "x": 59,
      "y": 5,
      "elevation": 3,
      "movement_type": "MOVEMENT_TYPE_BERRY_TREE_GROWTH",
      "movement_range_x": 0,
      "movement_range_y": 0,
      "trainer_type": "TRAINER_TYPE_NONE",
      "trainer_sight_or_berry_tree_id": "BERRY_TREE_ROUTE_103_LEPPA",
      "script": "BerryTreeScript",
      "flag": "0"
    },
    {
      "graphics_id": "OBJ_EVENT_GFX_BERRY_TREE",
      "x": 60,
      "y": 5,
      "elevation": 3,
      "movement_type": "MOVEMENT_TYPE_BERRY_TREE_GROWTH",
      "movement_range_x": 0,
      "movement_range_y": 0,
      "trainer_type": "TRAINER_TYPE_NONE",
      "trainer_sight_or_berry_tree_id": "BERRY_TREE_ROUTE_103_CHERI_2",
      "script": "BerryTreeScript",
      "flag": "0"
    },
    {
      "graphics_id": "OBJ_EVENT_GFX_BOY_1",
      "x": 20,
      "y": 10,
      "elevation": 3,
      "movement_type": "MOVEMENT_TYPE_WANDER_AROUND",
      "movement_range_x": 1,
      "movement_range_y": 2,
      "trainer_type": "TRAINER_TYPE_NONE",
      "trainer_sight_or_berry_tree_id": "0",
      "script": "Route103_EventScript_Boy",
      "flag": "0"
    },
    {
      "graphics_id": "OBJ_EVENT_GFX_PROF_BIRCH",
      "x": 7,
      "y": 3,
      "elevation": 3,
      "movement_type": "MOVEMENT_TYPE_WANDER_AROUND",
      "movement_range_x": 1,
      "movement_range_y": 1,
      "trainer_type": "TRAINER_TYPE_NONE",
      "trainer_sight_or_berry_tree_id": "0",
      "script": "ProfBirch_EventScript_RatePokedexOrRegister",
      "flag": "FLAG_HIDE_ROUTE_103_BIRCH"
    },
    {
      "graphics_id": "OBJ_EVENT_GFX_POKEFAN_M",
      "x": 56,
      "y": 13,
      "elevation": 3,
      "movement_type": "MOVEMENT_TYPE_FACE_RIGHT",
      "movement_range_x": 0,
      "movement_range_y": 0,
      "trainer_type": "TRAINER_TYPE_NORMAL",
      "trainer_sight_or_berry_tree_id": "5",
      "script": "Route103_EventScript_Miguel",
      "flag": "0"
    },
    {
      "graphics_id": "OBJ_EVENT_GFX_ITEM_BALL",
      "x": 50,
      "y": 5,
      "elevation": 3,
      "movement_type": "MOVEMENT_TYPE_LOOK_AROUND",
      "movement_range_x": 1,
      "movement_range_y": 1,
      "trainer_type": "TRAINER_TYPE_NONE",
      "trainer_sight_or_berry_tree_id": "0",
      "script": "Route103_EventScript_ItemGuardSpec",
      "flag": "FLAG_ITEM_ROUTE_103_GUARD_SPEC"
    },
    {
      "graphics_id": "OBJ_EVENT_GFX_CUTTABLE_TREE",
      "x": 67,
      "y": 7,
      "elevation": 3,
      "movement_type": "MOVEMENT_TYPE_LOOK_AROUND",
      "movement_range_x": 1,
      "movement_range_y": 1,
      "trainer_type": "TRAINER_TYPE_NONE",
      "trainer_sight_or_berry_tree_id": "0",
      "script": "EventScript_CutTree",
      "flag": "FLAG_TEMP_12"
    },
    {
      "graphics_id": "OBJ_EVENT_GFX_CUTTABLE_TREE",
      "x": 72,
      "y": 8,
      "elevation": 3,
      "movement_type": "MOVEMENT_TYPE_LOOK_AROUND",
      "movement_range_x": 1,
      "movement_range_y": 1,
      "trainer_type": "TRAINER_TYPE_NONE",
      "trainer_sight_or_berry_tree_id": "0",
      "script": "EventScript_CutTree",
      "flag": "FLAG_TEMP_13"
    },
    {
      "graphics_id": "OBJ_EVENT_GFX_BLACK_BELT",
      "x": 67,
      "y": 5,
      "elevation": 3,
      "movement_type": "MOVEMENT_TYPE_FACE_DOWN",
      "movement_range_x": 1,
      "movement_range_y": 1,
      "trainer_type": "TRAINER_TYPE_NORMAL",
      "trainer_sight_or_berry_tree_id": "2",
      "script": "Route103_EventScript_Rhett",
      "flag": "0"
    },
    {
      "graphics_id": "OBJ_EVENT_GFX_MAN_5",
      "x": 67,
      "y": 9,
      "elevation": 3,
      "movement_type": "MOVEMENT_TYPE_FACE_UP",
      "movement_range_x": 1,
      "movement_range_y": 1,
      "trainer_type": "TRAINER_TYPE_NORMAL",
      "trainer_sight_or_berry_tree_id": "2",
      "script": "Route103_EventScript_Marcos",
      "flag": "0"
    },
    {
      "graphics_id": "OBJ_EVENT_GFX_SWIMMER_F",
      "x": 36,
      "y": 6,
      "elevation": 1,
      "movement_type": "MOVEMENT_TYPE_WALK_DOWN_AND_UP",
      "movement_range_x": 1,
      "movement_range_y": 3,
      "trainer_type": "TRAINER_TYPE_NORMAL",
      "trainer_sight_or_berry_tree_id": "5",
      "script": "Route103_EventScript_Isabelle",
      "flag": "0"
    },
    {
      "graphics_id": "OBJ_EVENT_GFX_SWIMMER_M",
      "x": 36,
      "y": 13,
      "elevation": 1,
      "movement_type": "MOVEMENT_TYPE_WALK_UP_AND_DOWN",
      "movement_range_x": 1,
      "movement_range_y": 3,
      "trainer_type": "TRAINER_TYPE_NORMAL",
      "trainer_sight_or_berry_tree_id": "5",
      "script": "Route103_EventScript_Pete",
      "flag": "0"
    },
    {
      "graphics_id": "OBJ_EVENT_GFX_ITEM_BALL",
      "x": 64,
      "y": 7,
      "elevation": 0,
      "movement_type": "MOVEMENT_TYPE_LOOK_AROUND",
      "movement_range_x": 1,
      "movement_range_y": 1,
      "trainer_type": "TRAINER_TYPE_NONE",
      "trainer_sight_or_berry_tree_id": "0",
      "script": "Route103_EventScript_ItemPPUp",
      "flag": "FLAG_ITEM_ROUTE_103_PP_UP"
    }
  ],
  "warp_events": [
    {
      "x": 45,
      "y": 6,
      "elevation": 0,
      "dest_map": "MAP_ALTERING_CAVE",
      "dest_warp_id": "0"
    }
  ],
  "coord_events": [

  ],
  "bg_events": [
    {
      "type": "sign",
      "x": 11,
      "y": 9,
      "elevation": 0,
      "player_facing_dir": "BG_EVENT_PLAYER_FACING_ANY",
      "script": "Route103_EventScript_RouteSign"
    }
  ]
}
