{
  "id": "MAP_NAVEL_ROCK_DOWN04",
  "name": "NavelRock_Down04",
  "layout": "LAYOUT_NAVEL_ROCK_LADDER_ROOM2",
  "music": "MUS_RG_SEVII_CAVE",
  "region_map_section": "MAPSEC_NAVEL_ROCK",
  "requires_flash": false,
  "weather": "WEATHER_NONE",
  "map_type": "MAP_TYPE_UNDERGROUND",
  "allow_cycling": false,
  "allow_escaping": false,
  "allow_running": true,
  "show_map_name": true,
  "battle_scene": "MAP_BATTLE_SCENE_NORMAL",
  "connections": 0,
  "object_events": [

  ],
  "warp_events": [
    {
      "x": 5,
      "y": 5,
      "elevation": 3,
      "dest_map": "MAP_NAVEL_ROCK_DOWN03",
      "dest_warp_id": "1"
    },
    {
      "x": 3,
      "y": 3,
      "elevation": 3,
      "dest_map": "MAP_NAVEL_ROCK_DOWN05",
      "dest_warp_id": "0"
    }
  ],
  "coord_events": [

  ],
  "bg_events": [

  ]
}
