{
  "id": "MAP_BATTLE_FRONTIER_OUTSIDE_EAST",
  "name": "BattleFrontier_OutsideEast",
  "layout": "LAYOUT_BATTLE_FRONTIER_OUTSIDE_EAST",
  "music": "MUS_B_FRONTIER",
  "region_map_section": "MAPSEC_BATTLE_FRONTIER",
  "requires_flash": false,
  "weather": "WEATHER_NONE",
  "map_type": "MAP_TYPE_ROUTE",
  "allow_cycling": true,
  "allow_escaping": false,
  "allow_running": true,
  "show_map_name": true,
  "battle_scene": "MAP_BATTLE_SCENE_NORMAL",
  "connections": [
    {
      "map": "MAP_BATTLE_FRONTIER_OUTSIDE_WEST",
      "offset": 0,
      "direction": "left"
    }
  ],
  "object_events": [
    {
      "graphics_id": "OBJ_EVENT_GFX_NINJA_BOY",
      "x": 20,
      "y": 17,
      "elevation": 0,
      "movement_type": "MOVEMENT_TYPE_WALK_LEFT_AND_RIGHT",
      "movement_range_x": 3,
      "movement_range_y": 1,
      "trainer_type": "TRAINER_TYPE_NONE",
      "trainer_sight_or_berry_tree_id": "0",
      "script": "BattleFrontier_OutsideEast_EventScript_NinjaBoy",
      "flag": "0"
    },
    {
      "graphics_id": "OBJ_EVENT_GFX_MAN_3",
      "x": 42,
      "y": 15,
      "elevation": 0,
      "movement_type": "MOVEMENT_TYPE_WANDER_AROUND",
      "movement_range_x": 1,
      "movement_range_y": 3,
      "trainer_type": "TRAINER_TYPE_NONE",
      "trainer_sight_or_berry_tree_id": "0",
      "script": "BattleFrontier_OutsideEast_EventScript_Man1",
      "flag": "0"
    },
    {
      "graphics_id": "OBJ_EVENT_GFX_HIKER",
      "x": 53,
      "y": 6,
      "elevation": 0,
      "movement_type": "MOVEMENT_TYPE_FACE_DOWN",
      "movement_range_x": 2,
      "movement_range_y": 0,
      "trainer_type": "TRAINER_TYPE_NONE",
      "trainer_sight_or_berry_tree_id": "0",
      "script": "BattleFrontier_OutsideEast_EventScript_Hiker",
      "flag": "0"
    },
    {
      "graphics_id": "OBJ_EVENT_GFX_HEX_MANIAC",
      "x": 54,
      "y": 16,
      "elevation": 0,
      "movement_type": "MOVEMENT_TYPE_WANDER_AROUND",
      "movement_range_x": 2,
      "movement_range_y": 1,
      "trainer_type": "TRAINER_TYPE_NONE",
      "trainer_sight_or_berry_tree_id": "0",
      "script": "BattleFrontier_OutsideEast_EventScript_HexManiac",
      "flag": "0"
    },
    {
      "graphics_id": "OBJ_EVENT_GFX_BLACK_BELT",
      "x": 37,
      "y": 32,
      "elevation": 0,
      "movement_type": "MOVEMENT_TYPE_FACE_UP",
      "movement_range_x": 0,
      "movement_range_y": 0,
      "trainer_type": "TRAINER_TYPE_NONE",
      "trainer_sight_or_berry_tree_id": "0",
      "script": "BattleFrontier_OutsideEast_EventScript_BlackBelt1",
      "flag": "0"
    },
    {
      "graphics_id": "OBJ_EVENT_GFX_COOK",
      "x": 41,
      "y": 56,
      "elevation": 3,
      "movement_type": "MOVEMENT_TYPE_FACE_LEFT",
      "movement_range_x": 1,
      "movement_range_y": 1,
      "trainer_type": "TRAINER_TYPE_NONE",
      "trainer_sight_or_berry_tree_id": "0",
      "script": "BattleFrontier_OutsideEast_EventScript_Cook",
      "flag": "0"
    },
    {
      "graphics_id": "OBJ_EVENT_GFX_EXPERT_F",
      "x": 8,
      "y": 46,
      "elevation": 0,
      "movement_type": "MOVEMENT_TYPE_LOOK_AROUND",
      "movement_range_x": 1,
      "movement_range_y": 1,
      "trainer_type": "TRAINER_TYPE_NONE",
      "trainer_sight_or_berry_tree_id": "0",
      "script": "BattleFrontier_OutsideEast_EventScript_ExpertF",
      "flag": "0"
    },
    {
      "graphics_id": "OBJ_EVENT_GFX_RUNNING_TRIATHLETE_M",
      "x": 34,
      "y": 41,
      "elevation": 0,
      "movement_type": "MOVEMENT_TYPE_WALK_RIGHT_AND_LEFT",
      "movement_range_x": 3,
      "movement_range_y": 1,
      "trainer_type": "TRAINER_TYPE_NONE",
      "trainer_sight_or_berry_tree_id": "0",
      "script": "BattleFrontier_OutsideEast_EventScript_TriathleteM",
      "flag": "0"
    },
    {
      "graphics_id": "OBJ_EVENT_GFX_RICH_BOY",
      "x": 45,
      "y": 47,
      "elevation": 3,
      "movement_type": "MOVEMENT_TYPE_LOOK_AROUND",
      "movement_range_x": 1,
      "movement_range_y": 1,
      "trainer_type": "TRAINER_TYPE_NONE",
      "trainer_sight_or_berry_tree_id": "0",
      "script": "BattleFrontier_OutsideEast_EventScript_RichBoy",
      "flag": "0"
    },
    {
      "graphics_id": "OBJ_EVENT_GFX_CYCLING_TRIATHLETE_F",
      "x": 59,
      "y": 35,
      "elevation": 0,
      "movement_type": "MOVEMENT_TYPE_WALK_DOWN_AND_UP",
      "movement_range_x": 1,
      "movement_range_y": 6,
      "trainer_type": "TRAINER_TYPE_NONE",
      "trainer_sight_or_berry_tree_id": "0",
      "script": "BattleFrontier_OutsideEast_EventScript_TriathleteF",
      "flag": "0"
    },
    {
      "graphics_id": "OBJ_EVENT_GFX_TWIN",
      "x": 18,
      "y": 40,
      "elevation": 0,
      "movement_type": "MOVEMENT_TYPE_LOOK_AROUND",
      "movement_range_x": 1,
      "movement_range_y": 1,
      "trainer_type": "TRAINER_TYPE_NONE",
      "trainer_sight_or_berry_tree_id": "0",
      "script": "BattleFrontier_OutsideEast_EventScript_Twin",
      "flag": "0"
    },
    {
      "graphics_id": "OBJ_EVENT_GFX_MAN_1",
      "x": 17,
      "y": 40,
      "elevation": 0,
      "movement_type": "MOVEMENT_TYPE_FACE_RIGHT",
      "movement_range_x": 1,
      "movement_range_y": 1,
      "trainer_type": "TRAINER_TYPE_NONE",
      "trainer_sight_or_berry_tree_id": "0",
      "script": "BattleFrontier_OutsideEast_EventScript_Man2",
      "flag": "0"
    },
    {
      "graphics_id": "OBJ_EVENT_GFX_ZIGZAGOON_2",
      "x": 40,
      "y": 56,
      "elevation": 3,
      "movement_type": "MOVEMENT_TYPE_LOOK_AROUND",
      "movement_range_x": 1,
      "movement_range_y": 1,
      "trainer_type": "TRAINER_TYPE_NONE",
      "trainer_sight_or_berry_tree_id": "0",
      "script": "BattleFrontier_OutsideEast_EventScript_Zigzagoon",
      "flag": "0"
    },
    {
      "graphics_id": "OBJ_EVENT_GFX_SUDOWOODO",
      "x": 54,
      "y": 62,
      "elevation": 3,
      "movement_type": "MOVEMENT_TYPE_FACE_DOWN",
      "movement_range_x": 1,
      "movement_range_y": 1,
      "trainer_type": "TRAINER_TYPE_NONE",
      "trainer_sight_or_berry_tree_id": "0",
      "script": "BattleFrontier_OutsideEast_EventScript_Sudowoodo",
      "flag": "FLAG_HIDE_BATTLE_FRONTIER_SUDOWOODO"
    },
    {
      "graphics_id": "OBJ_EVENT_GFX_MANIAC",
      "x": 42,
      "y": 34,
      "elevation": 3,
      "movement_type": "MOVEMENT_TYPE_LOOK_AROUND",
      "movement_range_x": 1,
      "movement_range_y": 1,
      "trainer_type": "TRAINER_TYPE_NONE",
      "trainer_sight_or_berry_tree_id": "0",
      "script": "BattleFrontier_OutsideEast_EventScript_Maniac1",
      "flag": "0"
    },
    {
      "graphics_id": "OBJ_EVENT_GFX_GIRL_3",
      "x": 51,
      "y": 53,
      "elevation": 3,
      "movement_type": "MOVEMENT_TYPE_WANDER_AROUND",
      "movement_range_x": 1,
      "movement_range_y": 1,
      "trainer_type": "TRAINER_TYPE_NONE",
      "trainer_sight_or_berry_tree_id": "0",
      "script": "BattleFrontier_OutsideEast_EventScript_Girl",
      "flag": "0"
    },
    {
      "graphics_id": "OBJ_EVENT_GFX_PSYCHIC_M",
      "x": 62,
      "y": 18,
      "elevation": 0,
      "movement_type": "MOVEMENT_TYPE_WALK_SEQUENCE_DOWN_RIGHT_UP_LEFT",
      "movement_range_x": 2,
      "movement_range_y": 6,
      "trainer_type": "TRAINER_TYPE_NONE",
      "trainer_sight_or_berry_tree_id": "0",
      "script": "BattleFrontier_OutsideEast_EventScript_PsychicM",
      "flag": "0"
    },
    {
      "graphics_id": "OBJ_EVENT_GFX_MAN_3",
      "x": 11,
      "y": 21,
      "elevation": 0,
      "movement_type": "MOVEMENT_TYPE_LOOK_AROUND",
      "movement_range_x": 1,
      "movement_range_y": 1,
      "trainer_type": "TRAINER_TYPE_NONE",
      "trainer_sight_or_berry_tree_id": "0",
      "script": "BattleFrontier_OutsideEast_EventScript_Man3",
      "flag": "0"
    },
    {
      "graphics_id": "OBJ_EVENT_GFX_WOMAN_5",
      "x": 10,
      "y": 21,
      "elevation": 0,
      "movement_type": "MOVEMENT_TYPE_FACE_RIGHT",
      "movement_range_x": 1,
      "movement_range_y": 1,
      "trainer_type": "TRAINER_TYPE_NONE",
      "trainer_sight_or_berry_tree_id": "0",
      "script": "BattleFrontier_OutsideEast_EventScript_Woman1",
      "flag": "0"
    },
    {
      "graphics_id": "OBJ_EVENT_GFX_WOMAN_5",
      "x": 16,
      "y": 30,
      "elevation": 0,
      "movement_type": "MOVEMENT_TYPE_WANDER_AROUND",
      "movement_range_x": 3,
      "movement_range_y": 2,
      "trainer_type": "TRAINER_TYPE_NONE",
      "trainer_sight_or_berry_tree_id": "0",
      "script": "BattleFrontier_OutsideEast_EventScript_Woman2",
      "flag": "0"
    },
    {
      "graphics_id": "OBJ_EVENT_GFX_BLACK_BELT",
      "x": 33,
      "y": 14,
      "elevation": 0,
      "movement_type": "MOVEMENT_TYPE_FACE_UP",
      "movement_range_x": 0,
      "movement_range_y": 0,
      "trainer_type": "TRAINER_TYPE_NONE",
      "trainer_sight_or_berry_tree_id": "0",
      "script": "BattleFrontier_OutsideEast_EventScript_BlackBelt2",
      "flag": "0"
    },
    {
      "graphics_id": "OBJ_EVENT_GFX_MANIAC",
      "x": 54,
      "y": 31,
      "elevation": 0,
      "movement_type": "MOVEMENT_TYPE_FACE_LEFT",
      "movement_range_x": 1,
      "movement_range_y": 1,
      "trainer_type": "TRAINER_TYPE_NONE",
      "trainer_sight_or_berry_tree_id": "0",
      "script": "BattleFrontier_OutsideEast_EventScript_Maniac2",
      "flag": "0"
    },
    {
      "graphics_id": "OBJ_EVENT_GFX_WOMAN_4",
      "x": 54,
      "y": 32,
      "elevation": 0,
      "movement_type": "MOVEMENT_TYPE_FACE_UP",
      "movement_range_x": 1,
      "movement_range_y": 1,
      "trainer_type": "TRAINER_TYPE_NONE",
      "trainer_sight_or_berry_tree_id": "0",
      "script": "BattleFrontier_OutsideEast_EventScript_Woman3",
      "flag": "0"
    },
    {
      "graphics_id": "OBJ_EVENT_GFX_OLD_WOMAN",
      "x": 58,
      "y": 55,
      "elevation": 3,
      "movement_type": "MOVEMENT_TYPE_FACE_DOWN_AND_LEFT",
      "movement_range_x": 1,
      "movement_range_y": 1,
      "trainer_type": "TRAINER_TYPE_NONE",
      "trainer_sight_or_berry_tree_id": "0",
      "script": "BattleFrontier_OutsideEast_EventScript_OldWoman",
      "flag": "0"
    },
    {
      "graphics_id": "OBJ_EVENT_GFX_GENTLEMAN",
      "x": 48,
      "y": 41,
      "elevation": 0,
      "movement_type": "MOVEMENT_TYPE_FACE_UP",
      "movement_range_x": 1,
      "movement_range_y": 1,
      "trainer_type": "TRAINER_TYPE_NONE",
      "trainer_sight_or_berry_tree_id": "0",
      "script": "BattleFrontier_OutsideEast_EventScript_Gentleman",
      "flag": "0"
    },
    {
      "graphics_id": "OBJ_EVENT_GFX_CAMPER",
      "x": 29,
      "y": 14,
      "elevation": 0,
      "movement_type": "MOVEMENT_TYPE_FACE_UP",
      "movement_range_x": 1,
      "movement_range_y": 1,
      "trainer_type": "TRAINER_TYPE_NONE",
      "trainer_sight_or_berry_tree_id": "0",
      "script": "BattleFrontier_OutsideEast_EventScript_Camper",
      "flag": "0"
    }
  ],
  "warp_events": [
    {
      "x": 16,
      "y": 14,
      "elevation": 0,
      "dest_map": "MAP_BATTLE_FRONTIER_BATTLE_TOWER_LOBBY",
      "dest_warp_id": "0"
    },
    {
      "x": 39,
      "y": 29,
      "elevation": 0,
      "dest_map": "MAP_BATTLE_FRONTIER_BATTLE_ARENA_LOBBY",
      "dest_warp_id": "0"
    },
    {
      "x": 45,
      "y": 56,
      "elevation": 0,
      "dest_map": "MAP_BATTLE_FRONTIER_BATTLE_PALACE_LOBBY",
      "dest_warp_id": "0"
    },
    {
      "x": 58,
      "y": 14,
      "elevation": 0,
      "dest_map": "MAP_BATTLE_FRONTIER_BATTLE_PYRAMID_LOBBY",
      "dest_warp_id": "0"
    },
    {
      "x": 35,
      "y": 12,
      "elevation": 3,
      "dest_map": "MAP_BATTLE_FRONTIER_RANKING_HALL",
      "dest_warp_id": "0"
    },
    {
      "x": 4,
      "y": 44,
      "elevation": 0,
      "dest_map": "MAP_BATTLE_FRONTIER_LOUNGE1",
      "dest_warp_id": "0"
    },
    {
      "x": 10,
      "y": 28,
      "elevation": 0,
      "dest_map": "MAP_BATTLE_FRONTIER_EXCHANGE_SERVICE_CORNER",
      "dest_warp_id": "0"
    },
    {
      "x": 22,
      "y": 51,
      "elevation": 0,
      "dest_map": "MAP_BATTLE_FRONTIER_LOUNGE5",
      "dest_warp_id": "0"
    },
    {
      "x": 5,
      "y": 8,
      "elevation": 0,
      "dest_map": "MAP_BATTLE_FRONTIER_LOUNGE6",
      "dest_warp_id": "0"
    },
    {
      "x": 65,
      "y": 31,
      "elevation": 0,
      "dest_map": "MAP_BATTLE_FRONTIER_LOUNGE3",
      "dest_warp_id": "0"
    },
    {
      "x": 14,
      "y": 51,
      "elevation": 0,
      "dest_map": "MAP_BATTLE_FRONTIER_LOUNGE8",
      "dest_warp_id": "0"
    },
    {
      "x": 21,
      "y": 45,
      "elevation": 0,
      "dest_map": "MAP_BATTLE_FRONTIER_LOUNGE9",
      "dest_warp_id": "0"
    },
    {
      "x": 3,
      "y": 51,
      "elevation": 0,
      "dest_map": "MAP_BATTLE_FRONTIER_POKEMON_CENTER_1F",
      "dest_warp_id": "0"
    },
    {
      "x": 28,
      "y": 7,
      "elevation": 0,
      "dest_map": "MAP_ARTISAN_CAVE_1F",
      "dest_warp_id": "0"
    }
  ],
  "coord_events": [

  ],
  "bg_events": [
    {
      "type": "sign",
      "x": 13,
      "y": 17,
      "elevation": 0,
      "player_facing_dir": "BG_EVENT_PLAYER_FACING_ANY",
      "script": "BattleFrontier_OutsideEast_EventScript_BattleTowerSign"
    },
    {
      "type": "sign",
      "x": 43,
      "y": 56,
      "elevation": 0,
      "player_facing_dir": "BG_EVENT_PLAYER_FACING_ANY",
      "script": "BattleFrontier_OutsideEast_EventScript_BattlePalaceSign"
    },
    {
      "type": "sign",
      "x": 36,
      "y": 34,
      "elevation": 0,
      "player_facing_dir": "BG_EVENT_PLAYER_FACING_ANY",
      "script": "BattleFrontier_OutsideEast_EventScript_BattleArenaSign"
    },
    {
      "type": "sign",
      "x": 62,
      "y": 15,
      "elevation": 0,
      "player_facing_dir": "BG_EVENT_PLAYER_FACING_ANY",
      "script": "BattleFrontier_OutsideEast_EventScript_BattlePyramidSign"
    },
    {
      "type": "sign",
      "x": 7,
      "y": 29,
      "elevation": 0,
      "player_facing_dir": "BG_EVENT_PLAYER_FACING_ANY",
      "script": "BattleFrontier_OutsideEast_EventScript_ExchangeCornerSign"
    },
    {
      "type": "sign",
      "x": 32,
      "y": 13,
      "elevation": 0,
      "player_facing_dir": "BG_EVENT_PLAYER_FACING_ANY",
      "script": "BattleFrontier_OutsideEast_EventScript_RankingHallSign"
    },
    {
      "type": "sign",
      "x": 4,
      "y": 51,
      "elevation": 0,
      "player_facing_dir": "BG_EVENT_PLAYER_FACING_ANY",
      "script": "Common_EventScript_ShowPokemonCenterSign"
    },
    {
      "type": "sign",
      "x": 5,
      "y": 51,
      "elevation": 0,
      "player_facing_dir": "BG_EVENT_PLAYER_FACING_ANY",
      "script": "Common_EventScript_ShowPokemonCenterSign"
    }
  ]
}
